{
	"folders": {},
	"connections": {
		"sqlite_jdbc-18fecdc2b19-150449558f8c66e3": {
			"provider": "sqlite",
			"driver": "sqlite_jdbc",
			"name": "development.sqlite3",
			"save-password": true,
			"configuration": {
				"database": "/home/rakshana/Documents/app-book/storage/development.sqlite3",
				"url": "jdbc:sqlite:/home/rakshana/Documents/app-book/storage/development.sqlite3",
				"configurationType": "MANUAL",
				"type": "dev",
				"closeIdleConnection": true,
				"auth-model": "native"
			}
		},
		"sqlite_jdbc-18fed0e4bad-30cdad12804c593d": {
			"provider": "sqlite",
			"driver": "sqlite_jdbc",
			"name": "development.sqlite3 2",
			"save-password": true,
			"configuration": {
				"database": "/home/rakshana/Documents/app-book/storage/development.sqlite3",
				"url": "jdbc:sqlite:/home/rakshana/Documents/app-book/storage/development.sqlite3",
				"configurationType": "MANUAL",
				"type": "dev",
				"closeIdleConnection": true,
				"auth-model": "native"
			}
		},
		"sqlite_jdbc-18ff1f778f3-4e43333c5277c570": {
			"provider": "sqlite",
			"driver": "sqlite_jdbc",
			"name": "development.sqlite3 3",
			"save-password": true,
			"configuration": {
				"database": "/home/rakshana/Documents/app-book/storage/development.sqlite3",
				"url": "jdbc:sqlite:/home/rakshana/Documents/app-book/storage/development.sqlite3",
				"configurationType": "MANUAL",
				"type": "dev",
				"closeIdleConnection": true,
				"auth-model": "native"
			}
		},
		"sqlite_jdbc-19025dda6a9-2e06d045b1e5b4e3": {
			"provider": "sqlite",
			"driver": "sqlite_jdbc",
			"name": "development.sqlite3 4",
			"save-password": true,
			"configuration": {
				"database": "/home/rakshana/Documents/app-book/storage/development.sqlite3",
				"url": "jdbc:sqlite:/home/rakshana/Documents/app-book/storage/development.sqlite3",
				"configurationType": "MANUAL",
				"type": "dev",
				"closeIdleConnection": true,
				"auth-model": "native"
			}
		}
	},
	"connection-types": {
		"dev": {
			"name": "Development",
			"color": "255,255,255",
			"description": "Regular development database",
			"auto-commit": true,
			"confirm-execute": false,
			"confirm-data-change": false,
			"smart-commit": false,
			"smart-commit-recover": false,
			"auto-close-transactions": true,
			"close-transactions-period": 1800,
			"auto-close-connections": true,
			"close-connections-period": 14400
		}
	}
}